{
	"name":"Speed Dial | Bookmarks Manager for New Tab Page",
	"short_name":"Bookmarks Manager for New Tab",
	"description":"Speed Dial | Bookmarks Manager for New Tab Page",
	"lang":"en-US",
	"start_url":"/html/newpage.html",
	"scope":"/",
	"display":"fullscreen",
	"theme_color":"#ffffff",
	"background_color":"#ffffff",
	"prefer_related_applications":false,
	"id":"/",
	"orientation":"any",
	"display_override":[
		"fullscreen",
		"window-controls-overlay"
	],
	"categories":[
		"navigation",
		"personalization",
		"productivity"
	],
	"protocol_handlers":[
		{
			"protocol":"web+tea",
			"url":"/tea?type=%s"
		},
		{
			"protocol":"web+coffee",
			"url":"/coffee?type=%s"
		}
	],
	"icons":[
		{
			"src":"https://addon.logreel.xyz/img/default-512.png",
			"type":"image/png",
			"sizes":"512x512",
			"purpose":"any"
		},
		{
			"src":"https://addon.logreel.xyz/img/default-512.png",
			"type":"image/png",
			"sizes":"512x512",
			"purpose":"maskable"
		}
	],
	"screenshots":[
		{
			"src":"https://addon.logreel.xyz/assets/welcome_1.webp",
			"sizes":"560x400",
			"type":"image/webp",
			"platform":"wide",
			"label":"Import and manage your bookmarks in a simple 2D layout. Export whenever you want.",
			"form_factor":"wide"
		},
		{
			"src":"https://addon.logreel.xyz/assets/welcome_2.jpeg",
			"sizes":"560x336",
			"type":"image/jpeg",
			"platform":"wide",
			"label":"Get quick access to all the links you've loved and shared on Facebook, Twitter, Youtube, and more."
		},
		{
			"src":"https://addon.logreel.xyz/assets/welcome_3.jpeg",
			"sizes":"560x408",
			"type":"image/jpeg",
			"platform":"wide",
			"label":"Discover new content and boards created by others, or easily share what you own."
		},
		{
			"src":"https://addon.logreel.xyz/assets/welcome_4.jpeg",
			"sizes":"560x911",
			"type":"image/jpeg",
			"platform":"narrow",
			"label":"Get addon for iOS, Chrome, Firefox.",
			"form_factor":"narrow"
		}
	],
	"shortcuts":[
		{
			"name":"Main",
			"url":"/",
			"description":"Speed Dial | Bookmarks Manager for New Tab Page",
			"icons":[
				{
					"src":"https://addon.logreel.xyz/img/default-512.png",
					"sizes":"512x512",
					"type":"image/png",
					"purpose":"any monochrome"
				}
			]
		},
		{
			"name":"Privacy Policy",
			"url":"/pp",
			"description":"Privacy Policy | Bookmarks Manager for New Tab",
			"icons":[
				{
					"src":"https://addon.logreel.xyz/img/default-512.png",
					"sizes":"512x512",
					"type":"image/png",
					"purpose":"any monochrome"
				}
			]
		},
		{
			"name":"Terms of Use",
			"url":"/tu",
			"description":"Terms of Use | Bookmarks Manager for New Tab",
			"icons":[
				{
					"src":"https://addon.logreel.xyz/img/default-512.png",
					"sizes":"512x512",
					"type":"image/png",
					"purpose":"any monochrome"
				}
			]
		},
		{
			"name":"Mail in support",
			"url":"/ms",
			"description":"Mail in support | Bookmarks Manager for New Tab",
			"icons":[
				{
					"src":"https://addon.logreel.xyz/img/default-512.png",
					"sizes":"512x512",
					"type":"image/png",
					"purpose":"any monochrome"
				}
			]
		}
	]
}